{
  "project_info": {
    "project_number": "666462149455",
    "project_id": "testingseniorproject1",
    "storage_bucket": "testingseniorproject1.appspot.com"
  },
  "client": [
    {
      "client_info": {
        "mobilesdk_app_id": "1:666462149455:android:9f422555ac2eb52e10833a",
        "android_client_info": {
          "package_name": "com.example.testingseniorproject1"
        }
      },
      "oauth_client": [
        {
          "client_id": "666462149455-7v7g0qoujfjt9ipoa69atvd3ofacvll8.apps.googleusercontent.com",
          "client_type": 3
        }
      ],
      "api_key": [
        {
          "current_key": "AIzaSyCWJVhfSNHf5hrxKDDEigYHJ2KZhpASHJo"
        }
      ],
      "services": {
        "appinvite_service": {
          "other_platform_oauth_client": [
            {
              "client_id": "666462149455-7v7g0qoujfjt9ipoa69atvd3ofacvll8.apps.googleusercontent.com",
              "client_type": 3
            }
          ]
        }
      }
    }
  ],
  "configuration_version": "1"
}